source1_entity_id	matched_entity_ids
S1-100000	S2-200000,S3-300000
S1-100001	S2-200001,S3-300001
S1-100002	S2-200002,S3-300002
S1-100003	
S1-100004	
S1-100005	S3-300003
S1-100006	S2-200003
S1-100007	
S1-100008	S2-200004,S3-300004
S1-100009	S3-300005
S1-100010	S2-200005
S1-100011	S2-200006,S3-300006
S1-100012	S2-200007,S3-300007
S1-100013	S2-200008
S1-100014	S2-200009
S1-100015	S2-200010
S1-100016	S2-200011
S1-100017	S2-200012,S3-300008
S1-100018	S2-200013
S1-100019	S2-200014
S1-100020	S2-200015,S3-300009
S1-100021	S2-200016,S3-300010
S1-100022	S2-200017,S3-300011
S1-100023	S2-200018,S3-300012
S1-100024	
S1-100025	S2-200019
S1-100026	S2-200020
S1-100027	S2-200021,S3-300013
S1-100028	S2-200022,S3-300014
S1-100029	S3-300015
S1-100030	
S1-100031	S2-200023,S3-300016
S1-100032	S2-200024,S3-300017
S1-100033	S2-200025,S3-300018
S1-100034	
S1-100035	S2-200026,S3-300019
S1-100036	S2-200027
S1-100037	S3-300020
S1-100038	S2-200028,S3-300021
S1-100039	S2-200029
S1-100040	
S1-100041	S2-200030,S3-300022
S1-100042	S2-200031
S1-100043	
S1-100044	S2-200032,S3-300023
S1-100045	
S1-100046	S2-200033,S3-300024
S1-100047	
S1-100048	S3-300025
S1-100049	S2-200034
S1-100050	S2-200035,S3-300026
S1-100051	S2-200036
S1-100052	S2-200037,S3-300027
S1-100053	S2-200038,S3-300028
S1-100054	S2-200039,S3-300029
S1-100055	S2-200040
S1-100056	S2-200041
S1-100057	
S1-100058	S2-200042,S3-300030
S1-100059	S2-200043,S3-300031
S1-100060	S2-200044,S3-300032
S1-100061	S2-200045,S3-300033
S1-100062	
S1-100063	S2-200046,S3-300034
S1-100064	S2-200047
S1-100065	S3-300035
S1-100066	S2-200048,S3-300036
S1-100067	S2-200049,S3-300037
S1-100068	
S1-100069	
S1-100070	S2-200050
S1-100071	S2-200051,S3-300038
S1-100072	S2-200052
S1-100073	
S1-100074	S2-200053
S1-100075	S2-200054,S3-300039
S1-100076	
S1-100077	S2-200055,S3-300040
S1-100078	S2-200056,S3-300041
S1-100079	S3-300042
S1-100080	S3-300043
S1-100081	S2-200057
S1-100082	S2-200058,S3-300044
S1-100083	S2-200059
S1-100084	S3-300045
S1-100085	S2-200060
S1-100086	S2-200061,S3-300046
S1-100087	S2-200062,S3-300047
S1-100088	S2-200063
S1-100089	S2-200064
S1-100090	S2-200065,S3-300048
S1-100091	S3-300049
S1-100092	S2-200066,S3-300050
S1-100093	S2-200067
S1-100094	S2-200068,S3-300051
S1-100095	S2-200069,S3-300052
S1-100096	S2-200070
S1-100097	S2-200071
S1-100098	S2-200072
S1-100099	S2-200073,S3-300053
S1-100100	S2-200074,S3-300054
S1-100101	S2-200075,S3-300055
S1-100102	S2-200076,S3-300056
S1-100103	S2-200077,S3-300057
S1-100104	S2-200078,S3-300058
S1-100105	S2-200079
S1-100106	
S1-100107	S3-300059
S1-100108	S2-200080,S3-300060
S1-100109	S3-300061
S1-100110	S3-300062
S1-100111	S2-200081,S3-300063
S1-100112	S2-200082,S3-300064
S1-100113	S2-200083
S1-100114	S3-300065
S1-100115	S2-200084
S1-100116	
S1-100117	S2-200085,S3-300066
S1-100118	S2-200086,S3-300067
S1-100119	
S1-100120	
S1-100121	S3-300068
S1-100122	
S1-100123	S2-200087,S3-300069
S1-100124	
S1-100125	S2-200088,S3-300070
S1-100126	S2-200089,S3-300071
S1-100127	S3-300072
S1-100128	S2-200090,S3-300073
S1-100129	S2-200091
S1-100130	S2-200092,S3-300074
S1-100131	
S1-100132	S2-200093,S3-300075
S1-100133	S2-200094,S3-300076
S1-100134	S2-200095
S1-100135	
S1-100136	S2-200096
S1-100137	S2-200097,S3-300077
S1-100138	S3-300078
S1-100139	S2-200098,S3-300079
S1-100140	S2-200099,S3-300080
S1-100141	S2-200100,S3-300081
S1-100142	S3-300082
S1-100143	S2-200101
S1-100144	S2-200102,S3-300083
S1-100145	
S1-100146	S2-200103,S3-300084
S1-100147	S2-200104
S1-100148	S2-200105,S3-300085
S1-100149	S2-200106,S3-300086
S1-100150	S2-200107,S3-300087
S1-100151	S2-200108,S3-300088
S1-100152	S2-200109
S1-100153	S3-300089
S1-100154	
S1-100155	S2-200110,S3-300090
S1-100156	S2-200111,S3-300091
S1-100157	S2-200112,S3-300092
S1-100158	S2-200113,S3-300093
S1-100159	S3-300094
S1-100160	S2-200114,S3-300095
S1-100161	S2-200115,S3-300096
S1-100162	S2-200116,S3-300097
S1-100163	S3-300098
S1-100164	
S1-100165	S2-200117,S3-300099
S1-100166	S2-200118
S1-100167	S2-200119,S3-300100
S1-100168	S2-200120,S3-300101
S1-100169	
S1-100170	S2-200121,S3-300102
S1-100171	S2-200122
S1-100172	S2-200123,S3-300103
S1-100173	S2-200124,S3-300104
S1-100174	S2-200125,S3-300105
S1-100175	S2-200126,S3-300106
S1-100176	S2-200127,S3-300107
S1-100177	S2-200128,S3-300108
S1-100178	S3-300109
S1-100179	S2-200129,S3-300110
S1-100180	S2-200130
S1-100181	S2-200131
S1-100182	S2-200132,S3-300111
S1-100183	S3-300112
S1-100184	S2-200133
S1-100185	S2-200134,S3-300113
S1-100186	S2-200135,S3-300114
S1-100187	S2-200136,S3-300115
S1-100188	S2-200137,S3-300116
S1-100189	S2-200138
S1-100190	S3-300117
S1-100191	S2-200139,S3-300118
S1-100192	S2-200140,S3-300119
S1-100193	
S1-100194	S2-200141,S3-300120
S1-100195	S2-200142,S3-300121
S1-100196	S2-200143
S1-100197	
S1-100198	S2-200144,S3-300122
S1-100199	
S1-100200	S2-200145,S3-300123
S1-100201	S2-200146
S1-100202	S2-200147,S3-300124
S1-100203	S2-200148
S1-100204	
S1-100205	S2-200149
S1-100206	
S1-100207	S2-200150
S1-100208	S2-200151
S1-100209	S2-200152,S3-300125
S1-100210	
S1-100211	
S1-100212	S2-200153
S1-100213	S2-200154,S3-300126
S1-100214	S2-200155,S3-300127
S1-100215	S3-300128
S1-100216	
S1-100217	S2-200156,S3-300129
S1-100218	S2-200157
S1-100219	S2-200158
S1-100220	S2-200159
S1-100221	S3-300130
S1-100222	S2-200160,S3-300131
S1-100223	S2-200161
S1-100224	S3-300132
S1-100225	S2-200162
S1-100226	S2-200163,S3-300133
S1-100227	S2-200164,S3-300134
S1-100228	S2-200165,S3-300135
S1-100229	
S1-100230	S2-200166
S1-100231	S2-200167,S3-300136
S1-100232	S2-200168,S3-300137
S1-100233	S2-200169,S3-300138
S1-100234	S2-200170,S3-300139
S1-100235	S2-200171,S3-300140
S1-100236	S2-200172,S3-300141
S1-100237	S2-200173
S1-100238	S2-200174,S3-300142
S1-100239	S3-300143
S1-100240	S2-200175,S3-300144
S1-100241	S2-200176,S3-300145
S1-100242	S2-200177,S3-300146
S1-100243	S2-200178,S3-300147
S1-100244	S2-200179,S3-300148
S1-100245	S2-200180,S3-300149
S1-100246	S2-200181,S3-300150
S1-100247	S2-200182,S3-300151
S1-100248	S2-200183
S1-100249	S3-300152
S1-100250	S2-200184
S1-100251	S2-200185,S3-300153
S1-100252	S3-300154
S1-100253	S2-200186,S3-300155
S1-100254	S2-200187,S3-300156
S1-100255	
S1-100256	S2-200188,S3-300157
S1-100257	S2-200189
S1-100258	S2-200190
S1-100259	S2-200191
S1-100260	S2-200192,S3-300158
S1-100261	S2-200193
S1-100262	S2-200194,S3-300159
S1-100263	S3-300160
S1-100264	S2-200195,S3-300161
S1-100265	
S1-100266	S3-300162
S1-100267	S2-200196
S1-100268	S2-200197,S3-300163
S1-100269	S2-200198,S3-300164
S1-100270	S2-200199,S3-300165
S1-100271	S3-300166
S1-100272	S2-200200
S1-100273	S2-200201,S3-300167
S1-100274	S2-200202,S3-300168
S1-100275	
S1-100276	S2-200203,S3-300169
S1-100277	
S1-100278	S2-200204,S3-300170
S1-100279	S2-200205,S3-300171
S1-100280	S2-200206,S3-300172
S1-100281	S2-200207
S1-100282	S2-200208,S3-300173
S1-100283	S2-200209,S3-300174
S1-100284	S2-200210
S1-100285	
S1-100286	S2-200211,S3-300175
S1-100287	S2-200212
S1-100288	S2-200213,S3-300176
S1-100289	S3-300177
S1-100290	S3-300178
S1-100291	S2-200214,S3-300179
S1-100292	
S1-100293	S2-200215,S3-300180
S1-100294	S2-200216,S3-300181
S1-100295	S2-200217
S1-100296	S2-200218,S3-300182
S1-100297	S2-200219
S1-100298	S3-300183
S1-100299	S2-200220,S3-300184
S1-100300	S2-200221,S3-300185
S1-100301	S2-200222,S3-300186
S1-100302	S2-200223
S1-100303	S2-200224,S3-300187
S1-100304	S2-200225,S3-300188
S1-100305	S2-200226
S1-100306	S2-200227,S3-300189
S1-100307	S2-200228,S3-300190
S1-100308	S2-200229,S3-300191
S1-100309	S2-200230,S3-300192
S1-100310	S2-200231
S1-100311	S2-200232,S3-300193
S1-100312	S2-200233
S1-100313	
S1-100314	
S1-100315	S2-200234,S3-300194
S1-100316	S2-200235,S3-300195
S1-100317	S2-200236,S3-300196
S1-100318	
S1-100319	S2-200237,S3-300197
S1-100320	S2-200238
S1-100321	S3-300198
S1-100322	S2-200239,S3-300199
S1-100323	
S1-100324	S2-200240,S3-300200
S1-100325	
S1-100326	S2-200241,S3-300201
S1-100327	S2-200242,S3-300202
S1-100328	S2-200243
S1-100329	S2-200244,S3-300203
S1-100330	S2-200245,S3-300204
S1-100331	S3-300205
S1-100332	S2-200246
S1-100333	S3-300206
S1-100334	S3-300207
S1-100335	S2-200247
S1-100336	S2-200248,S3-300208
S1-100337	S2-200249
S1-100338	S2-200250
S1-100339	
S1-100340	S2-200251,S3-300209
S1-100341	S2-200252,S3-300210
S1-100342	S2-200253,S3-300211
S1-100343	S2-200254
S1-100344	S3-300212
S1-100345	S2-200255
S1-100346	S2-200256,S3-300213
S1-100347	S2-200257,S3-300214
S1-100348	S2-200258,S3-300215
S1-100349	S2-200259,S3-300216
S1-100350	S2-200260,S3-300217
S1-100351	S2-200261,S3-300218
S1-100352	S3-300219
S1-100353	S2-200262
S1-100354	S2-200263,S3-300220
S1-100355	S2-200264,S3-300221
S1-100356	S2-200265,S3-300222
S1-100357	S2-200266,S3-300223
S1-100358	
S1-100359	S2-200267,S3-300224
S1-100360	S3-300225
S1-100361	
S1-100362	
S1-100363	S2-200268,S3-300226
S1-100364	S2-200269,S3-300227
S1-100365	
S1-100366	S3-300228
S1-100367	S2-200270,S3-300229
S1-100368	S2-200271,S3-300230
S1-100369	S2-200272,S3-300231
S1-100370	S2-200273
S1-100371	S2-200274,S3-300232
S1-100372	S3-300233
S1-100373	S2-200275,S3-300234
S1-100374	S3-300235
S1-100375	S2-200276,S3-300236
S1-100376	S2-200277,S3-300237
S1-100377	S2-200278,S3-300238
S1-100378	S2-200279,S3-300239
S1-100379	S2-200280,S3-300240
S1-100380	S2-200281,S3-300241
S1-100381	S2-200282,S3-300242
S1-100382	S3-300243
S1-100383	S2-200283,S3-300244
S1-100384	
S1-100385	S2-200284,S3-300245
S1-100386	S3-300246
S1-100387	S3-300247
S1-100388	S2-200285,S3-300248
S1-100389	S2-200286,S3-300249
S1-100390	S2-200287,S3-300250
S1-100391	
S1-100392	S2-200288
S1-100393	S2-200289,S3-300251
S1-100394	S2-200290,S3-300252
S1-100395	S2-200291
S1-100396	S2-200292
S1-100397	S2-200293,S3-300253
S1-100398	S2-200294,S3-300254
S1-100399	S2-200295,S3-300255
S1-100400	S2-200296,S3-300256
S1-100401	S2-200297,S3-300257
S1-100402	S2-200298,S3-300258
S1-100403	S2-200299,S3-300259
S1-100404	S2-200300
S1-100405	
S1-100406	S2-200301,S3-300260
S1-100407	S2-200302,S3-300261
S1-100408	S2-200303,S3-300262
S1-100409	S2-200304,S3-300263
S1-100410	S2-200305
S1-100411	S2-200306,S3-300264
S1-100412	S2-200307,S3-300265
S1-100413	
S1-100414	S2-200308,S3-300266
S1-100415	S2-200309,S3-300267
S1-100416	S2-200310
S1-100417	
S1-100418	
S1-100419	S2-200311,S3-300268
S1-100420	
S1-100421	S2-200312,S3-300269
S1-100422	S3-300270
S1-100423	S2-200313,S3-300271
S1-100424	S3-300272
S1-100425	
S1-100426	S2-200314,S3-300273
S1-100427	S2-200315
S1-100428	S2-200316,S3-300274
S1-100429	S2-200317,S3-300275
S1-100430	S2-200318,S3-300276
S1-100431	S2-200319,S3-300277
S1-100432	S2-200320,S3-300278
S1-100433	S2-200321,S3-300279
S1-100434	S2-200322
S1-100435	S2-200323,S3-300280
S1-100436	S3-300281
S1-100437	
S1-100438	S3-300282
S1-100439	S2-200324
S1-100440	S2-200325
S1-100441	S2-200326,S3-300283
S1-100442	S2-200327,S3-300284
S1-100443	S3-300285
S1-100444	S2-200328,S3-300286
S1-100445	S2-200329,S3-300287
S1-100446	
S1-100447	S2-200330
S1-100448	S2-200331,S3-300288
S1-100449	S2-200332,S3-300289
S1-100450	
S1-100451	S2-200333
S1-100452	S2-200334,S3-300290
S1-100453	S2-200335,S3-300291
S1-100454	S3-300292
S1-100455	S2-200336,S3-300293
S1-100456	S2-200337,S3-300294
S1-100457	S2-200338,S3-300295
S1-100458	S2-200339
S1-100459	S3-300296
S1-100460	S2-200340
S1-100461	S2-200341,S3-300297
S1-100462	S3-300298
S1-100463	S2-200342,S3-300299
S1-100464	S2-200343,S3-300300
S1-100465	S2-200344,S3-300301
S1-100466	
S1-100467	S2-200345,S3-300302
S1-100468	S2-200346,S3-300303
S1-100469	S2-200347
S1-100470	S2-200348
S1-100471	S3-300304
S1-100472	
S1-100473	S3-300305
S1-100474	S2-200349,S3-300306
S1-100475	S2-200350,S3-300307
S1-100476	S2-200351,S3-300308
S1-100477	
S1-100478	S3-300309
S1-100479	S3-300310
S1-100480	S2-200352,S3-300311
S1-100481	S2-200353,S3-300312
S1-100482	S2-200354,S3-300313
S1-100483	S3-300314
S1-100484	
S1-100485	S2-200355,S3-300315
S1-100486	S2-200356,S3-300316
S1-100487	S2-200357
S1-100488	S2-200358
S1-100489	S3-300317
S1-100490	
S1-100491	S2-200359
S1-100492	
S1-100493	S2-200360,S3-300318
S1-100494	
S1-100495	
S1-100496	S3-300319
S1-100497	S3-300320
S1-100498	
S1-100499	
S1-100500	S2-200361,S3-300321
S1-100501	
S1-100502	S2-200362,S3-300322
S1-100503	S2-200363,S3-300323
S1-100504	S2-200364,S3-300324
S1-100505	S2-200365,S3-300325
S1-100506	S2-200366
S1-100507	S2-200367
S1-100508	S3-300326
S1-100509	
S1-100510	S2-200368
S1-100511	S2-200369
S1-100512	S2-200370
S1-100513	S3-300327
S1-100514	S2-200371,S3-300328
S1-100515	S3-300329
S1-100516	S2-200372,S3-300330
S1-100517	S3-300331
S1-100518	
S1-100519	S2-200373
S1-100520	
S1-100521	S3-300332
S1-100522	S2-200374,S3-300333
S1-100523	S2-200375,S3-300334
S1-100524	S2-200376,S3-300335
S1-100525	S3-300336
S1-100526	S2-200377
S1-100527	S3-300337
S1-100528	S2-200378,S3-300338
S1-100529	S3-300339
S1-100530	S2-200379,S3-300340
S1-100531	S2-200380,S3-300341
S1-100532	S2-200381
S1-100533	S2-200382,S3-300342
S1-100534	S2-200383
S1-100535	S2-200384,S3-300343
S1-100536	S2-200385
S1-100537	S2-200386,S3-300344
S1-100538	S2-200387
S1-100539	S2-200388,S3-300345
S1-100540	S2-200389
S1-100541	S2-200390,S3-300346
S1-100542	S3-300347
S1-100543	S2-200391,S3-300348
S1-100544	S2-200392,S3-300349
S1-100545	S2-200393,S3-300350
S1-100546	S2-200394,S3-300351
S1-100547	S2-200395,S3-300352
S1-100548	S2-200396,S3-300353
S1-100549	S2-200397
S1-100550	S2-200398,S3-300354
S1-100551	S2-200399
S1-100552	S2-200400,S3-300355
S1-100553	S2-200401,S3-300356
S1-100554	S2-200402,S3-300357
S1-100555	S2-200403,S3-300358
S1-100556	S2-200404,S3-300359
S1-100557	S2-200405,S3-300360
S1-100558	
S1-100559	S2-200406
S1-100560	S2-200407,S3-300361
S1-100561	S2-200408,S3-300362
S1-100562	S2-200409,S3-300363
S1-100563	S3-300364
S1-100564	S3-300365
S1-100565	S2-200410,S3-300366
S1-100566	S2-200411,S3-300367
S1-100567	S2-200412,S3-300368
S1-100568	S2-200413,S3-300369
S1-100569	
S1-100570	S2-200414,S3-300370
S1-100571	S3-300371
S1-100572	S2-200415
S1-100573	
S1-100574	S2-200416
S1-100575	S2-200417,S3-300372
S1-100576	S2-200418
S1-100577	S2-200419,S3-300373
S1-100578	S2-200420
S1-100579	
S1-100580	
S1-100581	S3-300374
S1-100582	S2-200421,S3-300375
S1-100583	S2-200422
S1-100584	S2-200423
S1-100585	S2-200424,S3-300376
S1-100586	S2-200425,S3-300377
S1-100587	S2-200426,S3-300378
S1-100588	S2-200427,S3-300379
S1-100589	S3-300380
S1-100590	S2-200428
S1-100591	
S1-100592	S2-200429,S3-300381
S1-100593	S2-200430,S3-300382
S1-100594	S2-200431,S3-300383
S1-100595	S2-200432,S3-300384
S1-100596	S2-200433,S3-300385
S1-100597	
S1-100598	S3-300386
S1-100599	S2-200434,S3-300387
S1-100600	S2-200435,S3-300388
S1-100601	S2-200436
S1-100602	S2-200437,S3-300389
S1-100603	
S1-100604	S2-200438,S3-300390
S1-100605	S2-200439,S3-300391
S1-100606	S2-200440,S3-300392
S1-100607	S2-200441,S3-300393
S1-100608	S2-200442,S3-300394
S1-100609	S3-300395
S1-100610	S2-200443,S3-300396
S1-100611	S2-200444
S1-100612	S2-200445,S3-300397
S1-100613	S2-200446,S3-300398
S1-100614	
S1-100615	S2-200447
S1-100616	S2-200448,S3-300399
S1-100617	S3-300400
S1-100618	S2-200449,S3-300401
S1-100619	S2-200450,S3-300402
S1-100620	S3-300403
S1-100621	S2-200451,S3-300404
S1-100622	S2-200452
S1-100623	S2-200453,S3-300405
S1-100624	S2-200454
S1-100625	S2-200455
S1-100626	S2-200456,S3-300406
S1-100627	S2-200457
S1-100628	S2-200458,S3-300407
S1-100629	
S1-100630	S2-200459
S1-100631	S2-200460,S3-300408
S1-100632	S2-200461
S1-100633	S2-200462,S3-300409
S1-100634	S2-200463,S3-300410
S1-100635	S2-200464,S3-300411
S1-100636	S3-300412
S1-100637	S2-200465,S3-300413
S1-100638	
S1-100639	S3-300414
S1-100640	S3-300415
S1-100641	S2-200466
S1-100642	S2-200467
S1-100643	S2-200468
S1-100644	S3-300416
S1-100645	S2-200469,S3-300417
S1-100646	S2-200470,S3-300418
S1-100647	S2-200471
S1-100648	
S1-100649	S2-200472,S3-300419
S1-100650	S2-200473,S3-300420
S1-100651	S2-200474,S3-300421
S1-100652	S3-300422
S1-100653	S2-200475,S3-300423
S1-100654	S3-300424
S1-100655	S2-200476,S3-300425
S1-100656	S2-200477,S3-300426
S1-100657	S2-200478,S3-300427
S1-100658	S2-200479,S3-300428
S1-100659	S2-200480,S3-300429
S1-100660	S2-200481
S1-100661	S3-300430
S1-100662	S2-200482,S3-300431
S1-100663	S2-200483,S3-300432
S1-100664	S2-200484
S1-100665	
S1-100666	S2-200485,S3-300433
S1-100667	
S1-100668	S2-200486,S3-300434
S1-100669	S2-200487
S1-100670	S2-200488,S3-300435
S1-100671	S2-200489
S1-100672	S2-200490,S3-300436
S1-100673	S2-200491,S3-300437
S1-100674	S2-200492,S3-300438
S1-100675	S2-200493
S1-100676	S2-200494,S3-300439
S1-100677	S2-200495,S3-300440
S1-100678	S2-200496,S3-300441
S1-100679	S2-200497,S3-300442
S1-100680	S2-200498
S1-100681	S2-200499
S1-100682	S3-300443
S1-100683	S3-300444
S1-100684	S2-200500
S1-100685	
S1-100686	S2-200501,S3-300445
S1-100687	S2-200502,S3-300446
S1-100688	S2-200503,S3-300447
S1-100689	S2-200504,S3-300448
S1-100690	
S1-100691	S2-200505
S1-100692	S3-300449
S1-100693	S2-200506
S1-100694	S2-200507,S3-300450
S1-100695	
S1-100696	S2-200508,S3-300451
S1-100697	S2-200509,S3-300452
S1-100698	S2-200510
S1-100699	S2-200511
S1-100700	S3-300453
S1-100701	S2-200512
S1-100702	S3-300454
S1-100703	S2-200513,S3-300455
S1-100704	S2-200514,S3-300456
S1-100705	S2-200515,S3-300457
S1-100706	S2-200516
S1-100707	S2-200517
S1-100708	S3-300458
S1-100709	S2-200518,S3-300459
S1-100710	S2-200519,S3-300460
S1-100711	S2-200520,S3-300461
S1-100712	S2-200521,S3-300462
S1-100713	S2-200522
S1-100714	
S1-100715	S2-200523,S3-300463
S1-100716	S3-300464
S1-100717	S3-300465
S1-100718	S2-200524
S1-100719	S2-200525,S3-300466
S1-100720	S2-200526,S3-300467
S1-100721	S3-300468
S1-100722	S2-200527,S3-300469
S1-100723	S2-200528,S3-300470
S1-100724	S2-200529,S3-300471
S1-100725	S2-200530
S1-100726	S2-200531
S1-100727	S2-200532
S1-100728	
S1-100729	
S1-100730	S2-200533,S3-300472
S1-100731	S2-200534
S1-100732	S2-200535,S3-300473
S1-100733	
S1-100734	
S1-100735	S2-200536,S3-300474
S1-100736	S2-200537,S3-300475
S1-100737	S2-200538,S3-300476
S1-100738	S2-200539,S3-300477
S1-100739	S2-200540,S3-300478
S1-100740	S3-300479
S1-100741	S2-200541
S1-100742	S2-200542,S3-300480
S1-100743	S2-200543,S3-300481
S1-100744	S2-200544
S1-100745	S2-200545,S3-300482
S1-100746	S2-200546
S1-100747	S2-200547,S3-300483
S1-100748	S2-200548,S3-300484
S1-100749	S2-200549
S1-100750	
S1-100751	S2-200550,S3-300485
S1-100752	S2-200551
S1-100753	S2-200552,S3-300486
S1-100754	S2-200553
S1-100755	
S1-100756	S2-200554,S3-300487
S1-100757	S3-300488
S1-100758	
S1-100759	S2-200555,S3-300489
S1-100760	S2-200556
S1-100761	S2-200557,S3-300490
S1-100762	S2-200558,S3-300491
S1-100763	S2-200559,S3-300492
S1-100764	S2-200560,S3-300493
S1-100765	S2-200561
S1-100766	S2-200562
S1-100767	S2-200563,S3-300494
S1-100768	S2-200564,S3-300495
S1-100769	S2-200565
S1-100770	
S1-100771	S3-300496
S1-100772	S2-200566,S3-300497
S1-100773	
S1-100774	S2-200567,S3-300498
S1-100775	S2-200568,S3-300499
S1-100776	S2-200569,S3-300500
S1-100777	S3-300501
S1-100778	S2-200570,S3-300502
S1-100779	S2-200571,S3-300503
S1-100780	S2-200572,S3-300504
S1-100781	S2-200573,S3-300505
S1-100782	S3-300506
S1-100783	S2-200574,S3-300507
S1-100784	S2-200575,S3-300508
S1-100785	S2-200576,S3-300509
S1-100786	S2-200577,S3-300510
S1-100787	S2-200578,S3-300511
S1-100788	S2-200579,S3-300512
S1-100789	S2-200580,S3-300513
S1-100790	
S1-100791	
S1-100792	S2-200581
S1-100793	S2-200582
S1-100794	S2-200583,S3-300514
S1-100795	S2-200584,S3-300515
S1-100796	S3-300516
S1-100797	S2-200585,S3-300517
S1-100798	S2-200586
S1-100799	
S1-100800	S2-200587
S1-100801	
S1-100802	S3-300518
S1-100803	S2-200588,S3-300519
S1-100804	S2-200589,S3-300520
S1-100805	
S1-100806	S2-200590,S3-300521
S1-100807	S2-200591,S3-300522
S1-100808	S3-300523
S1-100809	S2-200592,S3-300524
S1-100810	S2-200593,S3-300525
S1-100811	S2-200594
S1-100812	S3-300526
S1-100813	S2-200595
S1-100814	S2-200596,S3-300527
S1-100815	S2-200597
S1-100816	S2-200598,S3-300528
S1-100817	S2-200599,S3-300529
S1-100818	
S1-100819	S3-300530
S1-100820	S2-200600,S3-300531
S1-100821	S2-200601,S3-300532
S1-100822	S2-200602,S3-300533
S1-100823	S2-200603,S3-300534
S1-100824	
S1-100825	S2-200604,S3-300535
S1-100826	S2-200605,S3-300536
S1-100827	S3-300537
S1-100828	S3-300538
S1-100829	S2-200606,S3-300539
S1-100830	S2-200607,S3-300540
S1-100831	S2-200608
S1-100832	S2-200609,S3-300541
S1-100833	S2-200610
S1-100834	S2-200611,S3-300542
S1-100835	S2-200612,S3-300543
S1-100836	
S1-100837	S2-200613
S1-100838	S3-300544
S1-100839	S2-200614,S3-300545
S1-100840	S3-300546
S1-100841	S3-300547
S1-100842	S2-200615,S3-300548
S1-100843	S2-200616,S3-300549
S1-100844	S3-300550
S1-100845	S2-200617,S3-300551
S1-100846	S2-200618,S3-300552
S1-100847	S2-200619,S3-300553
S1-100848	S2-200620,S3-300554
S1-100849	S2-200621,S3-300555
S1-100850	S2-200622,S3-300556
S1-100851	S2-200623
S1-100852	S2-200624,S3-300557
S1-100853	S2-200625
S1-100854	S2-200626,S3-300558
S1-100855	S2-200627
S1-100856	S2-200628,S3-300559
S1-100857	S3-300560
S1-100858	S2-200629,S3-300561
S1-100859	S2-200630,S3-300562
S1-100860	S2-200631,S3-300563
S1-100861	S2-200632,S3-300564
S1-100862	S2-200633,S3-300565
S1-100863	S2-200634,S3-300566
S1-100864	S2-200635,S3-300567
S1-100865	S3-300568
S1-100866	S2-200636,S3-300569
S1-100867	S2-200637,S3-300570
S1-100868	S2-200638,S3-300571
S1-100869	S2-200639,S3-300572
S1-100870	S2-200640,S3-300573
S1-100871	S2-200641
S1-100872	S2-200642,S3-300574
S1-100873	S2-200643,S3-300575
S1-100874	S2-200644,S3-300576
S1-100875	S2-200645
S1-100876	S2-200646,S3-300577
S1-100877	S2-200647,S3-300578
S1-100878	S2-200648,S3-300579
S1-100879	S2-200649,S3-300580
S1-100880	S2-200650
S1-100881	S3-300581
S1-100882	S2-200651,S3-300582
S1-100883	S2-200652,S3-300583
S1-100884	S2-200653,S3-300584
S1-100885	S3-300585
S1-100886	S2-200654
S1-100887	S2-200655
S1-100888	S2-200656,S3-300586
S1-100889	S2-200657,S3-300587
S1-100890	S3-300588
S1-100891	S2-200658,S3-300589
S1-100892	
S1-100893	S2-200659
S1-100894	S2-200660,S3-300590
S1-100895	S2-200661,S3-300591
S1-100896	S2-200662,S3-300592
S1-100897	S2-200663,S3-300593
S1-100898	S2-200664
S1-100899	S2-200665,S3-300594
S1-100900	S2-200666,S3-300595
S1-100901	S2-200667
S1-100902	S2-200668,S3-300596
S1-100903	S2-200669,S3-300597
S1-100904	S2-200670,S3-300598
S1-100905	S2-200671,S3-300599
S1-100906	S2-200672,S3-300600
S1-100907	
S1-100908	S3-300601
S1-100909	S2-200673,S3-300602
S1-100910	S2-200674,S3-300603
S1-100911	S3-300604
S1-100912	S3-300605
S1-100913	
S1-100914	S3-300606
S1-100915	
S1-100916	S2-200675,S3-300607
S1-100917	S2-200676,S3-300608
S1-100918	S2-200677,S3-300609
S1-100919	
S1-100920	S2-200678,S3-300610
S1-100921	S3-300611
S1-100922	
S1-100923	S2-200679,S3-300612
S1-100924	S2-200680
S1-100925	S2-200681
S1-100926	S2-200682
S1-100927	S2-200683,S3-300613
S1-100928	S2-200684,S3-300614
S1-100929	
S1-100930	S2-200685
S1-100931	S2-200686
S1-100932	S2-200687
S1-100933	S2-200688,S3-300615
S1-100934	S2-200689,S3-300616
S1-100935	S3-300617
S1-100936	S2-200690,S3-300618
S1-100937	S2-200691,S3-300619
S1-100938	
S1-100939	S2-200692,S3-300620
S1-100940	S2-200693,S3-300621
S1-100941	S2-200694,S3-300622
S1-100942	S2-200695,S3-300623
S1-100943	S2-200696
S1-100944	S3-300624
S1-100945	S3-300625
S1-100946	S2-200697,S3-300626
S1-100947	S3-300627
S1-100948	S2-200698,S3-300628
S1-100949	
S1-100950	
S1-100951	S2-200699,S3-300629
S1-100952	S3-300630
S1-100953	S3-300631
S1-100954	S2-200700
S1-100955	
S1-100956	S2-200701,S3-300632
S1-100957	S2-200702,S3-300633
S1-100958	
S1-100959	S3-300634
S1-100960	S2-200703,S3-300635
S1-100961	S3-300636
S1-100962	S2-200704,S3-300637
S1-100963	S2-200705,S3-300638
S1-100964	S2-200706
S1-100965	S2-200707
S1-100966	S2-200708,S3-300639
S1-100967	S2-200709,S3-300640
S1-100968	S3-300641
S1-100969	S2-200710,S3-300642
S1-100970	S2-200711,S3-300643
S1-100971	
S1-100972	S3-300644
S1-100973	S2-200712,S3-300645
S1-100974	S3-300646
S1-100975	S2-200713,S3-300647
S1-100976	S2-200714
S1-100977	S2-200715,S3-300648
S1-100978	S2-200716
S1-100979	S2-200717
S1-100980	S2-200718,S3-300649
S1-100981	
S1-100982	
S1-100983	S2-200719,S3-300650
S1-100984	
S1-100985	S2-200720,S3-300651
S1-100986	S2-200721,S3-300652
S1-100987	S2-200722,S3-300653
S1-100988	S2-200723,S3-300654
S1-100989	S2-200724,S3-300655
S1-100990	S3-300656
S1-100991	S2-200725,S3-300657
S1-100992	S2-200726,S3-300658
S1-100993	S2-200727
S1-100994	S2-200728,S3-300659
S1-100995	S2-200729,S3-300660
S1-100996	S2-200730,S3-300661
S1-100997	S3-300662
S1-100998	S2-200731,S3-300663
S1-100999	S2-200732,S3-300664
S1-101000	S2-200733,S3-300665
S1-101001	S2-200734,S3-300666
S1-101002	S2-200735,S3-300667
S1-101003	S2-200736,S3-300668
S1-101004	S2-200737,S3-300669
S1-101005	S2-200738
S1-101006	S2-200739
S1-101007	S3-300670
S1-101008	S3-300671
S1-101009	S2-200740,S3-300672
S1-101010	S2-200741,S3-300673
S1-101011	S2-200742,S3-300674
S1-101012	S2-200743,S3-300675
S1-101013	S2-200744,S3-300676
S1-101014	S2-200745,S3-300677
S1-101015	S2-200746
S1-101016	S2-200747,S3-300678
S1-101017	S3-300679
S1-101018	S2-200748,S3-300680
S1-101019	
S1-101020	S3-300681
S1-101021	S2-200749,S3-300682
S1-101022	S3-300683
S1-101023	S3-300684
S1-101024	S3-300685
S1-101025	S2-200750
S1-101026	S2-200751,S3-300686
S1-101027	S3-300687
S1-101028	S2-200752,S3-300688
S1-101029	S2-200753,S3-300689
S1-101030	S2-200754
S1-101031	S3-300690
S1-101032	S2-200755
S1-101033	S2-200756
S1-101034	S2-200757
S1-101035	S2-200758
S1-101036	
S1-101037	S2-200759,S3-300691
S1-101038	S2-200760,S3-300692
S1-101039	S2-200761
S1-101040	S2-200762
S1-101041	S2-200763,S3-300693
S1-101042	S2-200764,S3-300694
S1-101043	S2-200765,S3-300695
S1-101044	S2-200766,S3-300696
S1-101045	S2-200767,S3-300697
S1-101046	S2-200768,S3-300698
S1-101047	S2-200769
S1-101048	S2-200770,S3-300699
S1-101049	S2-200771,S3-300700
S1-101050	S2-200772
S1-101051	S3-300701
S1-101052	S2-200773,S3-300702
S1-101053	S2-200774,S3-300703
S1-101054	S3-300704
S1-101055	S2-200775
S1-101056	S2-200776,S3-300705
S1-101057	S2-200777
S1-101058	S2-200778,S3-300706
S1-101059	S2-200779,S3-300707
S1-101060	S2-200780,S3-300708
S1-101061	S2-200781,S3-300709
S1-101062	S2-200782
S1-101063	S2-200783
S1-101064	S2-200784
S1-101065	S2-200785
S1-101066	S2-200786
S1-101067	S2-200787,S3-300710
S1-101068	S3-300711
S1-101069	S2-200788,S3-300712
S1-101070	S2-200789,S3-300713
S1-101071	S2-200790
S1-101072	S2-200791,S3-300714
S1-101073	S2-200792,S3-300715
S1-101074	S3-300716
S1-101075	S2-200793
S1-101076	S3-300717
S1-101077	S2-200794
S1-101078	S3-300718
S1-101079	S2-200795,S3-300719
S1-101080	S2-200796,S3-300720
S1-101081	S2-200797,S3-300721
S1-101082	S2-200798,S3-300722
S1-101083	S2-200799
S1-101084	S2-200800,S3-300723
S1-101085	S2-200801,S3-300724
S1-101086	S2-200802
S1-101087	
S1-101088	S2-200803,S3-300725
S1-101089	S2-200804,S3-300726
S1-101090	S2-200805,S3-300727
S1-101091	S2-200806
S1-101092	S2-200807
S1-101093	
S1-101094	S3-300728
S1-101095	S2-200808,S3-300729
S1-101096	S2-200809,S3-300730
S1-101097	S2-200810,S3-300731
S1-101098	
S1-101099	S2-200811,S3-300732
S1-101100	S2-200812,S3-300733
S1-101101	S3-300734
S1-101102	S2-200813,S3-300735
S1-101103	S2-200814,S3-300736
S1-101104	S2-200815,S3-300737
S1-101105	
S1-101106	S2-200816,S3-300738
S1-101107	S2-200817
S1-101108	S2-200818,S3-300739
S1-101109	S2-200819,S3-300740
S1-101110	S2-200820,S3-300741
S1-101111	S2-200821,S3-300742
S1-101112	S2-200822
S1-101113	S3-300743
S1-101114	S2-200823,S3-300744
S1-101115	S3-300745
S1-101116	S2-200824,S3-300746
S1-101117	S2-200825
S1-101118	S3-300747
S1-101119	S2-200826
S1-101120	S2-200827,S3-300748
S1-101121	S2-200828,S3-300749
S1-101122	
S1-101123	S3-300750
S1-101124	S2-200829,S3-300751
S1-101125	S3-300752
S1-101126	
S1-101127	S2-200830,S3-300753
S1-101128	S2-200831
S1-101129	S2-200832,S3-300754
S1-101130	S2-200833,S3-300755
S1-101131	
S1-101132	S2-200834,S3-300756
S1-101133	S2-200835,S3-300757
S1-101134	S2-200836
S1-101135	S2-200837,S3-300758
S1-101136	S2-200838
S1-101137	S2-200839
S1-101138	S2-200840
S1-101139	S2-200841
S1-101140	
S1-101141	S3-300759
S1-101142	S2-200842,S3-300760
S1-101143	S2-200843,S3-300761
S1-101144	S2-200844,S3-300762
S1-101145	S3-300763
S1-101146	S2-200845
S1-101147	S2-200846
S1-101148	S2-200847,S3-300764
S1-101149	S2-200848
S1-101150	S2-200849
S1-101151	S3-300765
S1-101152	S2-200850,S3-300766
S1-101153	S2-200851,S3-300767
S1-101154	S2-200852,S3-300768
S1-101155	S2-200853
S1-101156	S3-300769
S1-101157	
S1-101158	S2-200854
S1-101159	S3-300770
S1-101160	S2-200855,S3-300771
S1-101161	S2-200856,S3-300772
S1-101162	
S1-101163	
S1-101164	
S1-101165	S2-200857,S3-300773
S1-101166	S2-200858,S3-300774
S1-101167	S2-200859
S1-101168	S2-200860,S3-300775
S1-101169	S2-200861
S1-101170	
S1-101171	S2-200862,S3-300776
S1-101172	
S1-101173	S3-300777
S1-101174	S2-200863,S3-300778
S1-101175	S2-200864,S3-300779
S1-101176	S2-200865,S3-300780
S1-101177	S2-200866,S3-300781
S1-101178	S2-200867,S3-300782
S1-101179	S2-200868,S3-300783
S1-101180	S2-200869,S3-300784
S1-101181	S2-200870,S3-300785
S1-101182	S2-200871
S1-101183	S2-200872,S3-300786
S1-101184	
S1-101185	S2-200873,S3-300787
S1-101186	S2-200874
S1-101187	S2-200875,S3-300788
S1-101188	S2-200876,S3-300789
S1-101189	S2-200877,S3-300790
S1-101190	S2-200878,S3-300791
S1-101191	
S1-101192	S3-300792
S1-101193	S2-200879
S1-101194	S3-300793
S1-101195	S2-200880
S1-101196	S2-200881,S3-300794
S1-101197	
S1-101198	S2-200882
S1-101199	S2-200883,S3-300795
S1-101200	S2-200884,S3-300796
S1-101201	S2-200885,S3-300797
S1-101202	S2-200886,S3-300798
S1-101203	S3-300799
S1-101204	
S1-101205	S2-200887
S1-101206	S2-200888,S3-300800
S1-101207	S2-200889,S3-300801
S1-101208	S3-300802
S1-101209	
S1-101210	S2-200890,S3-300803
S1-101211	S2-200891
S1-101212	S2-200892
S1-101213	S2-200893,S3-300804
S1-101214	S2-200894,S3-300805
S1-101215	S2-200895
S1-101216	S2-200896,S3-300806
S1-101217	S2-200897
S1-101218	S3-300807
S1-101219	S2-200898,S3-300808
S1-101220	
S1-101221	S2-200899,S3-300809
S1-101222	S2-200900
S1-101223	S3-300810
S1-101224	S2-200901
S1-101225	S2-200902,S3-300811
S1-101226	S2-200903
S1-101227	S2-200904,S3-300812
S1-101228	
S1-101229	S2-200905
S1-101230	S3-300813
S1-101231	S3-300814
S1-101232	
S1-101233	S2-200906,S3-300815
S1-101234	S3-300816
S1-101235	S3-300817
S1-101236	S2-200907
S1-101237	S3-300818
S1-101238	S2-200908
S1-101239	S2-200909,S3-300819
S1-101240	S2-200910,S3-300820
S1-101241	
S1-101242	S2-200911,S3-300821
S1-101243	S2-200912,S3-300822
S1-101244	S2-200913,S3-300823
S1-101245	S2-200914,S3-300824
S1-101246	S2-200915
S1-101247	S2-200916,S3-300825
S1-101248	S2-200917
S1-101249	S2-200918,S3-300826
S1-101250	S2-200919,S3-300827
S1-101251	S2-200920,S3-300828
S1-101252	S2-200921
S1-101253	
S1-101254	S2-200922
S1-101255	
S1-101256	
S1-101257	S2-200923,S3-300829
S1-101258	S3-300830
S1-101259	S2-200924
S1-101260	S2-200925,S3-300831
S1-101261	S2-200926,S3-300832
S1-101262	S3-300833
S1-101263	
S1-101264	S2-200927,S3-300834
S1-101265	S2-200928,S3-300835
S1-101266	S3-300836
S1-101267	S2-200929,S3-300837
S1-101268	S2-200930,S3-300838
S1-101269	S2-200931
S1-101270	S2-200932,S3-300839
S1-101271	S2-200933,S3-300840
S1-101272	
S1-101273	S3-300841
S1-101274	S2-200934
S1-101275	S2-200935,S3-300842
S1-101276	S3-300843
S1-101277	
S1-101278	S2-200936,S3-300844
S1-101279	S3-300845
S1-101280	
S1-101281	S2-200937,S3-300846
S1-101282	S2-200938,S3-300847
S1-101283	S2-200939,S3-300848
S1-101284	S2-200940,S3-300849
S1-101285	S2-200941,S3-300850
S1-101286	S2-200942
S1-101287	S2-200943,S3-300851
S1-101288	S2-200944
S1-101289	S2-200945,S3-300852
S1-101290	S2-200946,S3-300853
S1-101291	
S1-101292	S2-200947
S1-101293	S2-200948,S3-300854
S1-101294	
S1-101295	S2-200949,S3-300855
S1-101296	S2-200950,S3-300856
S1-101297	S3-300857
S1-101298	S2-200951,S3-300858
S1-101299	S2-200952,S3-300859
S1-101300	S2-200953,S3-300860
S1-101301	S2-200954
S1-101302	
S1-101303	
S1-101304	S2-200955
S1-101305	S2-200956,S3-300861
S1-101306	S2-200957,S3-300862
S1-101307	S2-200958
S1-101308	S2-200959
S1-101309	S2-200960,S3-300863
S1-101310	S2-200961
S1-101311	S2-200962
S1-101312	S3-300864
S1-101313	S3-300865
S1-101314	S2-200963
S1-101315	S2-200964,S3-300866
S1-101316	S2-200965,S3-300867
S1-101317	S2-200966
S1-101318	S2-200967,S3-300868
S1-101319	S2-200968,S3-300869
S1-101320	S2-200969,S3-300870
S1-101321	S2-200970,S3-300871
S1-101322	S2-200971,S3-300872
S1-101323	S3-300873
S1-101324	S2-200972
S1-101325	S2-200973,S3-300874
S1-101326	S2-200974,S3-300875
S1-101327	S3-300876
S1-101328	S2-200975,S3-300877
S1-101329	S2-200976,S3-300878
S1-101330	S2-200977,S3-300879
S1-101331	S2-200978,S3-300880
S1-101332	
S1-101333	S2-200979
S1-101334	S2-200980,S3-300881
S1-101335	S3-300882
S1-101336	
S1-101337	S2-200981,S3-300883
S1-101338	
S1-101339	S2-200982,S3-300884
S1-101340	S2-200983,S3-300885
S1-101341	
S1-101342	S2-200984
S1-101343	S2-200985,S3-300886
S1-101344	S2-200986,S3-300887
S1-101345	S2-200987
S1-101346	S3-300888
S1-101347	S2-200988,S3-300889
S1-101348	S2-200989,S3-300890
S1-101349	S2-200990,S3-300891
S1-101350	S2-200991
S1-101351	S2-200992
S1-101352	S2-200993
S1-101353	S2-200994
S1-101354	S2-200995,S3-300892
S1-101355	S3-300893
S1-101356	S2-200996,S3-300894
S1-101357	S2-200997,S3-300895
S1-101358	S2-200998,S3-300896
S1-101359	S2-200999,S3-300897
S1-101360	
S1-101361	
S1-101362	S2-201000,S3-300898
S1-101363	S2-201001,S3-300899
S1-101364	S3-300900
S1-101365	S2-201002,S3-300901
S1-101366	S2-201003
S1-101367	
S1-101368	S2-201004
S1-101369	S3-300902
S1-101370	S3-300903
S1-101371	S2-201005
S1-101372	
S1-101373	S3-300904
S1-101374	S2-201006,S3-300905
S1-101375	S2-201007,S3-300906
S1-101376	
S1-101377	S2-201008,S3-300907
S1-101378	S2-201009,S3-300908
S1-101379	S2-201010,S3-300909
S1-101380	S2-201011
S1-101381	S2-201012
S1-101382	S2-201013,S3-300910
S1-101383	S2-201014
S1-101384	S2-201015,S3-300911
S1-101385	S2-201016,S3-300912
S1-101386	S2-201017,S3-300913
S1-101387	S2-201018,S3-300914
S1-101388	S2-201019,S3-300915
S1-101389	S3-300916
S1-101390	S2-201020
S1-101391	S3-300917
S1-101392	S2-201021
S1-101393	
S1-101394	S2-201022
S1-101395	S2-201023,S3-300918
S1-101396	S2-201024,S3-300919
S1-101397	S3-300920
S1-101398	S2-201025
S1-101399	S2-201026,S3-300921
S1-101400	
S1-101401	S2-201027,S3-300922
S1-101402	S2-201028
S1-101403	
S1-101404	S3-300923
S1-101405	S2-201029
S1-101406	S2-201030
S1-101407	S2-201031,S3-300924
S1-101408	
S1-101409	S2-201032
S1-101410	S2-201033
S1-101411	S2-201034
S1-101412	S2-201035,S3-300925
S1-101413	S2-201036
S1-101414	S2-201037,S3-300926
S1-101415	
S1-101416	S2-201038,S3-300927
S1-101417	S2-201039,S3-300928
S1-101418	S2-201040,S3-300929
S1-101419	
S1-101420	S2-201041,S3-300930
S1-101421	S2-201042,S3-300931
S1-101422	S2-201043,S3-300932
S1-101423	S2-201044,S3-300933
S1-101424	S2-201045
S1-101425	S2-201046,S3-300934
S1-101426	S2-201047,S3-300935
S1-101427	S2-201048,S3-300936
S1-101428	S2-201049,S3-300937
S1-101429	S2-201050,S3-300938
S1-101430	S2-201051,S3-300939
S1-101431	S2-201052,S3-300940
S1-101432	
S1-101433	S2-201053
S1-101434	
S1-101435	
S1-101436	
S1-101437	S2-201054,S3-300941
S1-101438	S2-201055
S1-101439	S2-201056
S1-101440	S3-300942
S1-101441	S3-300943
S1-101442	S3-300944
S1-101443	S3-300945
S1-101444	S3-300946
S1-101445	S2-201057,S3-300947
S1-101446	S3-300948
S1-101447	S2-201058,S3-300949
S1-101448	S2-201059,S3-300950
S1-101449	S3-300951
S1-101450	S2-201060,S3-300952
S1-101451	
S1-101452	S2-201061,S3-300953
S1-101453	S3-300954
S1-101454	S2-201062,S3-300955
S1-101455	S2-201063,S3-300956
S1-101456	S2-201064,S3-300957
S1-101457	S2-201065,S3-300958
S1-101458	S2-201066
S1-101459	S2-201067,S3-300959
S1-101460	S2-201068,S3-300960
S1-101461	S2-201069
S1-101462	S2-201070,S3-300961
S1-101463	S2-201071,S3-300962
S1-101464	S2-201072,S3-300963
S1-101465	S2-201073
S1-101466	S2-201074,S3-300964
S1-101467	S2-201075,S3-300965
S1-101468	S2-201076,S3-300966
S1-101469	S2-201077,S3-300967
S1-101470	S2-201078,S3-300968
S1-101471	S2-201079,S3-300969
S1-101472	S2-201080
S1-101473	S2-201081,S3-300970
S1-101474	S2-201082
S1-101475	S2-201083,S3-300971
S1-101476	S2-201084,S3-300972
S1-101477	S2-201085,S3-300973
S1-101478	S2-201086,S3-300974
S1-101479	S2-201087,S3-300975
S1-101480	S2-201088
S1-101481	S3-300976
S1-101482	S2-201089
S1-101483	
S1-101484	S2-201090,S3-300977
S1-101485	
S1-101486	S3-300978
S1-101487	S2-201091
S1-101488	
S1-101489	
S1-101490	S2-201092,S3-300979
S1-101491	S3-300980
S1-101492	S2-201093,S3-300981
S1-101493	S2-201094,S3-300982
S1-101494	S2-201095,S3-300983
S1-101495	S3-300984
S1-101496	S2-201096,S3-300985
S1-101497	S2-201097,S3-300986
S1-101498	S2-201098,S3-300987
S1-101499	S3-300988
